{
    "total_runs": 20,
    "successful_runs": 20,
    "avg": 13.480667793750763,
    "min": 1.4717447757720947,
    "max": 27.805270433425903,
    "std_dev_": 8.705206091265158,
    "total_tokens": 7246
}