{
    "total_runs": 20,
    "successful_runs": 19,
    "avg": 15.968095039066515,
    "min": 2.9563729763031006,
    "max": 22.64108157157898,
    "std_dev": 6.8707162032147355,
    "total_tokens": 7767
}